DATETIME,TEMPERATURE,PRESSURE,LATITUDE,LONGITUDE,flag_depth,flag_date,flag_global_dbar,flag_global_temp,flag_temp_spike,flag_temp_roll,flag_temp_stuck,flag_vessel_region,flag_gear_type,flag_timing_gap,flag_location,flag_land,flag_speed,flag_global_range,flag_clima,flag_RoC
2020-08-10 19:53:53,13.4745,3.9,68.349464,10.911914,1,1,1,1,1,1,1,1,1,1,1,1,1,1,1,1
2020-08-10 19:53:54,13.3944,5.6,68.349464,10.911914,1,1,1,1,1,1,1,1,1,1,1,1,1,1,1,1
2020-08-10 19:53:55,13.2841,6.7,68.349464,10.911914,1,1,1,1,1,1,1,1,1,1,1,1,1,1,1,1
2020-08-10 19:53:57,13.2356,8.2,68.349464,10.911914,1,1,1,1,1,1,1,1,1,1,1,1,1,1,1,1
2020-08-10 19:53:58,13.2233,10.0,68.349464,10.911914,1,1,1,1,1,1,1,1,1,1,1,1,1,1,1,1
2020-08-10 19:53:59,13.210999999999999,11.8,68.349464,10.911914,1,1,1,1,1,1,1,1,1,1,1,1,1,1,1,1
2020-08-10 19:54:00,13.2029,13.0,68.349464,10.911914,1,1,1,1,1,1,1,1,1,1,1,1,1,1,1,1
2020-08-10 19:54:01,13.1956,14.8,68.349464,10.911914,1,1,1,1,1,1,1,1,1,1,1,1,1,1,1,1
2020-08-10 19:54:02,13.1887,16.6,68.349464,10.911914,1,1,1,1,1,1,1,1,1,1,1,1,1,1,1,1
2020-08-10 19:54:03,13.1832,17.8,68.349464,10.911914,1,1,1,1,1,1,1,1,1,1,1,1,1,1,1,1
2020-08-10 19:54:05,13.0927,20.6,68.349464,10.911914,1,1,1,1,1,1,1,1,1,1,1,1,1,1,1,1
2020-08-10 19:54:06,12.9,22.1,68.349464,10.911914,1,1,1,1,1,1,1,1,1,1,1,1,1,1,1,1
2020-08-10 19:54:07,12.5489,23.6,68.349464,10.911914,1,1,1,1,1,1,1,1,1,1,1,1,1,1,1,1
2020-08-10 19:54:08,11.9273,25.1,68.349464,10.911914,1,1,1,1,1,1,1,1,1,1,1,1,1,1,1,1
2020-08-10 19:54:09,10.8241,26.2,68.349464,10.911914,1,1,1,1,1,1,1,1,1,1,1,1,1,1,1,1
2020-08-10 19:54:10,10.0934,28.1,68.349464,10.911914,1,1,1,1,1,1,1,1,1,1,1,1,1,1,1,1
2020-08-10 19:54:11,9.826,29.9,68.349464,10.911914,1,1,1,1,1,1,1,1,1,1,1,1,1,1,1,1
2020-08-10 19:54:12,9.6419,31.0,68.349464,10.911914,1,1,1,1,1,1,1,1,1,1,1,1,1,1,1,1
2020-08-10 19:54:13,9.2712,32.4,68.349464,10.911914,1,1,1,1,1,1,1,1,1,1,1,1,1,1,1,1
2020-08-10 19:54:14,9.0767,34.0,68.349464,10.911914,1,1,1,1,1,1,1,1,1,1,1,1,1,1,1,1
2020-08-10 19:54:15,8.799,35.3,68.349464,10.911914,1,1,1,1,1,1,1,1,1,1,1,1,1,1,1,1
2020-08-10 19:54:16,8.7289,37.0,68.349464,10.911914,1,1,1,1,1,1,1,1,1,1,1,1,1,1,1,1
2020-08-10 19:54:17,8.576,38.2,68.349464,10.911914,1,1,1,1,1,1,1,1,1,1,1,1,1,1,1,1
2020-08-10 19:54:18,8.5144,40.0,68.349464,10.911914,1,1,1,1,1,1,1,1,1,1,1,1,1,1,1,1
2020-08-10 19:54:19,8.4551,41.3,68.349464,10.911914,1,1,1,1,1,1,1,1,1,1,1,1,1,1,1,1
2020-08-10 19:54:20,8.4236,42.7,68.349464,10.911914,1,1,1,1,1,1,1,1,1,1,1,1,1,1,1,1
2020-08-10 19:54:21,8.3494,44.0,68.349464,10.911914,1,1,1,1,1,1,1,1,1,1,1,1,1,1,1,1
2020-08-10 19:54:22,8.3193,45.4,68.349464,10.911914,1,1,1,1,1,1,1,1,1,1,1,1,1,1,1,1
2020-08-10 19:54:23,8.2453,46.7,68.349464,10.911914,1,1,1,1,1,1,1,1,1,1,1,1,1,1,1,1
2020-08-10 19:54:24,8.2078,48.3,68.349464,10.911914,1,1,1,1,1,1,1,1,1,1,1,1,1,1,1,1
2020-08-10 19:54:25,8.1483,49.7,68.349464,10.911914,1,1,1,1,1,1,1,1,1,1,1,1,1,1,1,1
2020-08-10 19:54:26,8.0971,50.8,68.349464,10.911914,1,1,1,1,1,1,1,1,1,1,1,1,1,1,1,1
2020-08-10 19:54:27,8.1583,52.0,68.349464,10.911914,1,1,1,1,1,1,1,1,1,1,1,1,1,1,1,1
2020-08-10 19:54:28,8.1929,53.4,68.349464,10.911914,1,1,1,1,1,1,1,1,1,1,1,1,1,1,1,1
2020-08-10 19:54:29,8.1999,54.8,68.349464,10.911914,1,1,1,1,1,1,1,1,1,1,1,1,1,1,1,1
2020-08-10 19:54:30,8.1978,56.0,68.349464,10.911914,1,1,1,1,1,1,1,1,1,1,1,1,1,1,1,1
2020-08-10 19:54:31,8.1643,57.0,68.349464,10.911914,1,1,1,1,1,1,1,1,1,1,1,1,1,1,1,1
2020-08-10 19:54:32,8.1224,58.4,68.349464,10.911914,1,1,1,1,1,1,1,1,1,1,1,1,1,1,1,1
2020-08-10 19:54:33,8.0828,59.5,68.349464,10.911914,1,1,1,1,1,1,1,1,1,1,1,1,1,1,1,1
2020-08-10 19:54:34,8.065,60.9,68.349464,10.911914,1,1,1,1,1,1,1,1,1,1,1,1,1,1,1,1
2020-08-10 19:54:35,8.068999999999999,62.2,68.349464,10.911914,1,1,1,1,1,1,1,1,1,1,1,1,1,1,1,1
2020-08-10 19:54:37,8.0808,64.4,68.349464,10.911914,1,1,1,1,1,1,1,1,1,1,1,1,1,1,1,1
2020-08-10 19:54:39,8.0834,66.7,68.349464,10.911914,1,1,1,1,1,1,1,1,1,1,1,1,1,1,1,1
2020-08-10 19:54:40,8.087,67.9,68.349464,10.911914,1,1,1,1,1,1,1,1,1,1,1,1,1,1,1,1
2020-08-10 19:54:41,8.0899,69.0,68.349464,10.911914,1,1,1,1,1,1,1,1,1,1,1,1,1,1,1,1
2020-08-10 19:54:42,8.0903,70.3,68.349464,10.911914,1,1,1,1,1,1,1,1,1,1,1,1,1,1,1,1
2020-08-10 19:54:43,8.0847,71.5,68.349464,10.911914,1,1,1,1,1,1,1,1,1,1,1,1,1,1,1,1
2020-08-10 19:54:44,8.085,72.7,68.349464,10.911914,1,1,1,1,1,1,1,1,1,1,1,1,1,1,1,1
2020-08-10 19:54:46,8.0739,75.2,68.349464,10.911914,1,1,1,1,1,1,1,1,1,1,1,1,1,1,1,1
2020-08-10 19:54:47,8.0765,76.4,68.349464,10.911914,1,1,1,1,1,1,1,1,1,1,1,1,1,1,1,1
2020-08-10 19:54:49,8.086,78.8,68.349464,10.911914,1,1,1,1,1,1,1,1,1,1,1,1,1,1,1,1
2020-08-10 19:54:50,8.0921,79.8,68.349464,10.911914,1,1,1,1,1,1,1,1,1,1,1,1,1,1,1,1
2020-08-10 19:54:51,8.0938,80.9,68.349464,10.911914,1,1,1,1,1,1,1,1,1,1,1,1,1,1,1,1
2020-08-10 19:54:53,8.0723,82.9,68.349464,10.911914,1,1,1,1,1,1,1,1,1,1,1,1,1,1,1,1
2020-08-10 19:54:54,8.0663,84.5,68.349464,10.911914,1,1,1,1,1,1,1,1,1,1,1,1,1,1,1,1
2020-08-10 19:54:56,8.0553,86.9,68.349464,10.911914,1,1,1,1,1,1,1,1,1,1,1,1,1,1,1,1
2020-08-10 19:54:58,8.0242,88.9,68.349464,10.911914,1,1,1,1,1,1,1,1,1,1,1,1,1,1,1,1
2020-08-10 19:54:59,8.014,90.4,68.349464,10.911914,1,1,1,1,1,1,1,1,1,1,1,1,1,1,1,1
2020-08-10 19:55:00,8.0083,91.7,68.349464,10.911914,1,1,1,1,1,1,1,1,1,1,1,1,1,1,1,1
2020-08-10 19:55:02,8.0064,93.4,68.349464,10.911914,1,1,1,1,1,1,1,1,1,1,1,1,1,1,1,1
2020-08-10 19:55:03,8.0114,94.6,68.349464,10.911914,1,1,1,1,1,1,1,1,1,1,1,1,1,1,1,1
2020-08-10 19:55:04,8.0138,96.0,68.349464,10.911914,1,1,1,1,1,1,1,1,1,1,1,1,1,1,1,1
2020-08-10 19:55:05,8.0048,97.1,68.349464,10.911914,1,1,1,1,1,1,1,1,1,1,1,1,1,1,1,1
2020-08-10 19:55:07,7.9725,99.0,68.349464,10.911914,1,1,1,1,1,1,1,1,1,1,1,1,1,1,1,1
2020-08-10 19:55:08,7.9671,100.1,68.349464,10.911914,1,1,1,1,1,1,1,1,1,1,1,1,1,1,1,1
2020-08-10 19:55:09,7.9628,101.1,68.349464,10.911914,1,1,1,1,1,1,1,1,1,1,1,1,1,1,1,1
2020-08-10 19:55:10,7.9583,102.5,68.349464,10.911914,1,1,1,1,1,1,1,1,1,1,1,1,1,1,1,1
2020-08-10 19:55:11,7.9473,103.5,68.349464,10.911914,1,1,1,1,1,1,1,1,1,1,1,1,1,1,1,1
2020-08-10 19:55:12,7.9391,104.6,68.349464,10.911914,1,1,1,1,1,1,1,1,1,1,1,1,1,1,1,1
2020-08-10 19:55:14,7.9548,106.8,68.349464,10.911914,1,1,1,1,1,1,1,1,1,1,1,1,1,1,1,1
2020-08-10 19:55:15,7.9744,108.1,68.349464,10.911914,1,1,1,1,1,1,1,1,1,1,1,1,1,1,1,1
2020-08-10 19:55:17,8.0027,110.0,68.349464,10.911914,1,1,1,1,1,1,1,1,1,1,1,1,1,1,1,1
2020-08-10 19:55:19,8.0036,112.2,68.349464,10.911914,1,1,1,1,1,1,1,1,1,1,1,1,1,1,1,1
2020-08-10 19:55:21,7.9949,114.4,68.349464,10.911914,1,1,1,1,1,1,1,1,1,1,1,1,1,1,1,1
2020-08-10 19:55:22,7.9862,115.7,68.349464,10.911914,1,1,1,1,1,1,1,1,1,1,1,1,1,1,1,1
2020-08-10 19:55:24,7.9623,117.2,68.349464,10.911914,1,1,1,1,1,1,1,1,1,1,1,1,1,1,1,1
2020-08-10 19:55:25,7.9398,118.6,68.349464,10.911914,1,1,1,1,1,1,1,1,1,1,1,1,1,1,1,1
2020-08-10 19:55:26,7.9203,119.8,68.349464,10.911914,1,1,1,1,1,1,1,1,1,1,1,1,1,1,1,1
2020-08-10 19:55:28,7.9005,121.9,68.349464,10.911914,1,1,1,1,1,1,1,1,1,1,1,1,1,1,1,1
2020-08-10 19:55:30,7.8829,123.9,68.349464,10.911914,1,1,1,1,1,1,1,1,1,1,1,1,1,1,1,1
2020-08-10 19:55:32,7.8775,126.2,68.349464,10.911914,1,1,1,1,1,1,1,1,1,1,1,1,1,1,1,1
2020-08-10 19:55:34,7.8724,128.0,68.349464,10.911914,1,1,1,1,1,1,1,1,1,1,1,1,1,1,1,1
2020-08-10 19:55:36,7.8652,129.9,68.349464,10.911914,1,1,1,1,1,1,1,1,1,1,1,1,1,1,1,1
2020-08-10 19:55:37,7.8638,131.2,68.349464,10.911914,1,1,1,1,1,1,1,1,1,1,1,1,1,1,1,1
2020-08-10 19:55:39,7.846,132.8,68.349464,10.911914,1,1,1,1,1,1,1,1,1,1,1,1,1,1,1,1
2020-08-10 19:55:40,7.8381,134.1,68.349464,10.911914,1,1,1,1,1,1,1,1,1,1,1,1,1,1,1,1
2020-08-10 19:55:41,7.8294,135.3,68.349464,10.911914,1,1,1,1,1,1,1,1,1,1,1,1,1,1,1,1
2020-08-10 19:55:43,7.8113,137.5,68.349464,10.911914,1,1,1,1,1,1,1,1,1,1,1,1,1,1,1,1
2020-08-10 19:55:45,7.7995,139.5,68.349464,10.911914,1,1,1,1,1,1,1,1,1,1,1,1,1,1,1,1
2020-08-10 19:55:47,7.8241,141.2,68.349464,10.911914,1,1,1,1,1,1,1,1,1,1,1,1,1,1,1,1
2020-08-10 19:55:48,7.8358,142.4,68.349464,10.911914,1,1,1,1,1,1,1,1,1,1,1,1,1,1,1,1
2020-08-10 19:55:49,7.8184,143.5,68.349464,10.911914,1,1,1,1,1,1,1,1,1,1,1,1,1,1,1,1
2020-08-10 19:55:51,7.8013,145.3,68.349464,10.911914,1,1,1,1,1,1,1,1,1,1,1,1,1,1,1,1
2020-08-10 19:55:53,7.7979,147.2,68.349464,10.911914,1,1,1,1,1,1,1,1,1,1,1,1,1,1,1,1
2020-08-10 19:55:55,7.796,149.3,68.349464,10.911914,1,1,1,1,1,1,1,1,1,1,1,1,1,1,1,1
2020-08-10 19:55:57,7.785,150.9,68.349464,10.911914,1,1,1,1,1,1,1,1,1,1,1,1,1,1,1,1
2020-08-10 19:55:58,7.7832,152.1,68.349464,10.911914,1,1,1,1,1,1,1,1,1,1,1,1,1,1,1,1
2020-08-10 19:55:59,7.7818,153.5,68.349464,10.911914,1,1,1,1,1,1,1,1,1,1,1,1,1,1,1,1
2020-08-10 19:56:01,7.7754,155.2,68.349464,10.911914,1,1,1,1,1,1,1,1,1,1,1,1,1,1,1,1
2020-08-10 19:56:03,7.7701,157.0,68.349464,10.911914,1,1,1,1,1,1,1,1,1,1,1,1,1,1,1,1
2020-08-10 19:56:04,7.7694,158.1,68.349464,10.911914,1,1,1,1,1,1,1,1,1,1,1,1,1,1,1,1
2020-08-10 19:56:06,7.7701,159.9,68.349464,10.911914,1,1,1,1,1,1,1,1,1,1,1,1,1,1,1,1
2020-08-10 19:56:07,7.7576,161.0,68.349464,10.911914,1,1,1,1,1,1,1,1,1,1,1,1,1,1,1,1
2020-08-10 19:56:08,7.7495,162.1,68.349464,10.911914,1,1,1,1,1,1,1,1,1,1,1,1,1,1,1,1
2020-08-10 19:56:09,7.7424,163.1,68.349464,10.911914,1,1,1,1,1,1,1,1,1,1,1,1,1,1,1,1
2020-08-10 19:56:11,7.7086,165.0,68.349464,10.911914,1,1,1,1,1,1,1,1,1,1,1,1,1,1,1,1
2020-08-10 19:56:13,7.6978,166.8,68.349464,10.911914,1,1,1,1,1,1,1,1,1,1,1,1,1,1,1,1
2020-08-10 19:56:15,7.7122,168.7,68.349464,10.911914,1,1,1,1,1,1,1,1,1,1,1,1,1,1,1,1
2020-08-10 19:56:16,7.7144,169.9,68.349464,10.911914,1,1,1,1,1,1,1,1,1,1,1,1,1,1,1,1
2020-08-10 19:56:18,7.692,171.7,68.349464,10.911914,1,1,1,1,1,1,1,1,1,1,1,1,1,1,1,1
2020-08-10 19:56:20,7.6451,173.4,68.349464,10.911914,1,1,1,1,1,1,1,1,1,1,1,1,1,1,1,1
2020-08-10 19:56:21,7.6322,174.4,68.349464,10.911914,1,1,1,1,1,1,1,1,1,1,1,1,1,1,1,1
2020-08-10 19:56:23,7.6023,176.4,68.349464,10.911914,1,1,1,1,1,1,1,1,1,1,1,1,1,1,1,1
2020-08-10 19:56:25,7.5911,178.5,68.349464,10.911914,1,1,1,1,1,1,1,1,1,1,1,1,1,1,1,1
2020-08-10 19:56:27,7.586,179.9,68.349464,10.911914,1,1,1,1,1,1,1,1,1,1,1,1,1,1,1,1
2020-08-10 19:56:28,7.582999999999999,181.1,68.349464,10.911914,1,1,1,1,1,1,1,1,1,1,1,1,1,1,1,1
2020-08-10 19:56:30,7.5887,183.0,68.349464,10.911914,1,1,1,1,1,1,1,1,1,1,1,1,1,1,1,1
2020-08-10 19:56:32,7.5921,184.7,68.349464,10.911914,1,1,1,1,1,1,1,1,1,1,1,1,1,1,1,1
2020-08-10 19:56:34,7.5884,186.9,68.349464,10.911914,1,1,1,1,1,1,1,1,1,1,1,1,1,1,1,1
2020-08-10 19:56:36,7.5956,188.5,68.349464,10.911914,1,1,1,1,1,1,1,1,1,1,1,1,1,1,1,1
2020-08-10 19:56:37,7.5976,189.7,68.349464,10.911914,1,1,1,1,1,1,1,1,1,1,1,1,1,1,1,1
2020-08-10 19:56:39,7.6004,191.4,68.349464,10.911914,1,1,1,1,1,1,1,1,1,1,1,1,1,1,1,1
2020-08-10 19:56:40,7.6027,192.5,68.349464,10.911914,1,1,1,1,1,1,1,1,1,1,1,1,1,1,1,1
2020-08-10 19:56:41,7.604,193.6,68.349464,10.911914,1,1,1,1,1,1,1,1,1,1,1,1,1,1,1,1
2020-08-10 19:56:43,7.607,195.1,68.349464,10.911914,1,1,1,1,1,1,1,1,1,1,1,1,1,1,1,1
2020-08-10 19:56:45,7.5945,197.2,68.349464,10.911914,1,1,1,1,1,1,1,1,1,1,1,1,1,1,1,1
2020-08-10 19:56:47,7.5920000000000005,199.0,68.349464,10.911914,1,1,1,1,1,1,1,1,1,1,1,1,1,1,1,1
2020-08-10 19:56:52,7.5723,203.7,68.349464,10.911914,1,1,1,1,1,1,1,1,1,1,1,1,1,1,1,1
2020-08-10 19:56:57,7.5721,208.2,68.349464,10.911914,1,1,1,1,1,1,1,1,1,1,1,1,1,1,1,1
2020-08-10 19:57:02,7.5639,212.7,68.349464,10.911914,1,1,1,1,1,1,1,1,1,1,1,1,1,1,1,1
2020-08-10 19:57:07,7.5557,217.6,68.349464,10.911914,1,1,1,1,1,1,1,1,1,1,1,1,1,1,1,1
2020-08-10 19:57:12,7.4951,221.8,68.349464,10.911914,1,1,1,1,1,1,1,1,1,1,1,1,1,1,1,1
2020-08-10 19:57:17,7.472,226.9,68.349464,10.911914,1,1,1,1,1,1,1,1,1,1,1,1,1,1,1,1
2020-08-10 19:57:22,7.4771,230.9,68.349464,10.911914,1,1,1,1,1,1,1,1,1,1,1,1,1,1,1,1
2020-08-10 19:57:27,7.4583,235.4,68.349464,10.911914,1,1,1,1,1,1,1,1,1,1,1,1,1,1,1,1
2020-08-10 19:57:32,7.4557,240.1,68.349464,10.911914,1,1,1,1,1,1,1,1,1,1,1,1,1,1,1,1
2020-08-10 19:57:37,7.4283,244.5,68.349464,10.911914,1,1,1,1,1,1,1,1,1,1,1,1,1,1,1,1
2020-08-10 19:57:42,7.3928,249.2,68.349464,10.911914,1,1,1,1,1,1,1,1,1,1,1,1,1,1,1,1
2020-08-10 19:57:47,7.3262,253.5,68.349464,10.911914,1,1,1,1,1,1,1,1,1,1,1,1,1,1,1,1
2020-08-10 19:57:52,7.296,257.9,68.349464,10.911914,1,1,1,1,1,1,1,1,1,1,1,1,1,1,1,1
2020-08-10 19:57:58,7.2589999999999995,262.8,68.349464,10.911914,1,1,1,1,1,1,1,1,1,1,1,1,1,1,1,1
2020-08-10 19:58:03,7.2369,267.2,68.349464,10.911914,1,1,1,1,1,1,1,1,1,1,1,1,1,1,1,1
2020-08-10 19:58:08,7.1797,271.5,68.349464,10.911914,1,1,1,1,1,1,1,1,1,1,1,1,1,1,1,1
2020-08-10 19:58:13,7.1268,276.0,68.349464,10.911914,1,1,1,1,1,1,1,1,1,1,1,1,1,1,1,1
2020-08-10 19:58:18,7.1025,280.3,68.349464,10.911914,1,1,1,1,1,1,1,1,1,1,1,1,1,1,1,1
2020-08-10 19:58:23,7.0746,284.7,68.349464,10.911914,1,1,1,1,1,1,1,1,1,1,1,1,1,1,1,1
2020-08-10 19:58:28,7.0543,288.8,68.349464,10.911914,1,1,1,1,1,1,1,1,1,1,1,1,1,1,1,1
2020-08-10 19:58:33,7.0393,292.9,68.349464,10.911914,1,1,1,1,1,1,1,1,1,1,1,1,1,1,1,1
2020-08-10 19:58:38,7.0267,297.2,68.349464,10.911914,1,1,1,1,1,1,1,1,1,1,1,1,1,1,1,1
2020-08-10 19:58:43,7.0182,301.5,68.349464,10.911914,1,1,1,1,1,1,1,1,1,1,1,1,1,1,1,1
2020-08-10 19:58:48,7.0059,305.8,68.349464,10.911914,1,1,1,1,1,1,1,1,1,1,1,1,1,1,1,1
2020-08-10 19:58:54,6.9961,310.5,68.349464,10.911914,1,1,1,1,1,1,1,1,1,1,1,1,1,1,1,1
2020-08-10 19:59:00,6.9932,315.5,68.349464,10.911914,1,1,1,1,1,1,1,1,1,1,1,1,1,1,1,1
2020-08-10 19:59:06,6.9897,320.1,68.349464,10.911914,1,1,1,1,1,1,1,1,1,1,1,1,1,1,1,1
2020-08-10 19:59:11,6.9892,324.9,68.349464,10.911914,1,1,1,1,1,1,1,1,1,1,1,1,1,1,1,1
2020-08-10 19:59:17,6.9859,329.2,68.349464,10.911914,1,1,1,1,1,1,1,1,1,1,1,1,1,1,1,1
2020-08-10 19:59:22,6.9852,333.4,68.349464,10.911914,1,1,1,1,1,1,1,1,1,1,1,1,1,1,1,1
2020-08-10 19:59:27,6.9837,337.7,68.349464,10.911914,1,1,1,1,1,1,1,1,1,1,1,1,1,1,1,1
2020-08-10 19:59:33,6.982,342.0,68.349464,10.911914,1,1,1,1,1,1,1,1,1,1,1,1,1,1,1,1
2020-08-10 19:59:38,6.9822,346.4,68.349464,10.911914,1,1,1,1,1,1,1,1,1,1,1,1,1,1,1,1
2020-08-10 19:59:44,6.9817,351.2,68.349464,10.911914,1,1,1,1,1,1,1,1,1,1,1,1,1,1,1,1
2020-08-10 19:59:50,6.9806,355.8,68.349464,10.911914,1,1,1,1,1,1,1,1,1,1,1,1,1,1,1,1
2020-08-10 19:59:56,6.9811,360.1,68.349464,10.911914,1,1,1,1,1,1,1,1,1,1,1,1,1,1,1,1
2020-08-10 20:00:01,6.9793,364.5,68.349464,10.911914,1,1,1,1,1,1,1,1,1,1,1,1,1,1,1,1
2020-08-10 20:00:07,6.9784,368.9,68.349464,10.911914,1,1,1,1,1,1,1,1,1,1,1,1,1,1,1,1
2020-08-10 20:00:13,6.9767,373.6,68.349464,10.911914,1,1,1,1,1,1,1,1,1,1,1,1,1,1,1,1
2020-08-10 20:00:19,6.9777,378.3,68.349464,10.911914,1,1,1,1,1,1,1,1,1,1,1,1,1,1,1,1
2020-08-10 20:00:25,6.9778,382.9,68.349464,10.911914,1,1,1,1,1,1,1,1,1,1,1,1,1,1,1,1
2020-08-10 20:00:31,6.9747,387.0,68.349464,10.911914,1,1,1,1,1,1,1,1,1,1,1,1,1,1,1,1
2020-08-10 20:00:37,6.9672,391.5,68.349464,10.911914,1,1,1,1,1,1,1,1,1,1,1,1,1,1,1,1
2020-08-10 20:00:42,6.9629,395.8,68.349464,10.911914,1,1,1,1,1,1,1,1,1,1,1,1,1,1,1,1
2020-08-10 20:00:48,6.9638,400.2,68.349464,10.911914,1,1,1,1,1,1,1,1,1,1,1,1,1,1,1,1
2020-08-10 20:00:54,6.9552,404.8,68.349464,10.911914,1,1,1,1,1,1,1,1,1,1,1,1,1,1,1,1
2020-08-10 20:01:00,6.9354,409.3,68.349464,10.911914,1,1,1,1,1,1,1,1,1,1,1,1,1,1,1,1
2020-08-10 20:01:06,6.9252,413.5,68.349464,10.911914,1,1,1,1,1,1,1,1,1,1,1,1,1,1,1,1
2020-08-10 20:01:12,6.9183,417.6,68.349464,10.911914,1,1,1,1,1,1,1,1,1,1,1,1,1,1,1,1
2020-08-10 20:01:17,6.9065,421.7,68.349464,10.911914,1,1,1,1,1,1,1,1,1,1,1,1,1,1,1,1
2020-08-10 20:01:23,6.8497,426.4,68.349464,10.911914,1,1,1,1,1,1,1,1,1,1,1,1,1,1,1,1
2020-08-10 20:01:29,6.7882,430.5,68.349464,10.911914,1,1,1,1,1,1,1,1,1,1,1,1,1,1,1,1
2020-08-10 20:01:35,6.6769,435.1,68.349464,10.911914,1,1,1,1,1,1,1,1,1,1,1,1,1,1,1,1
2020-08-10 20:01:41,6.6118,439.5,68.349464,10.911914,1,1,1,1,1,1,1,1,1,1,1,1,1,1,1,1
2020-08-10 20:01:48,6.5501,444.1,68.349464,10.911914,1,1,1,1,1,1,1,1,1,1,1,1,1,1,1,1
2020-08-10 20:01:54,6.4971,448.4,68.349464,10.911914,1,1,1,1,1,1,1,1,1,1,1,1,1,1,1,1
2020-08-10 20:02:00,6.4633,452.6,68.349464,10.911914,1,1,1,1,1,1,1,1,1,1,1,1,1,1,1,1
2020-08-10 20:02:05,6.4288,456.9,68.349464,10.911914,1,1,1,1,1,1,1,1,1,1,1,1,1,1,1,1
2020-08-10 20:02:12,6.3988,461.5,68.349464,10.911914,1,1,1,1,1,1,1,1,1,1,1,1,1,1,1,1
2020-08-10 20:02:18,6.3841,465.8,68.349464,10.911914,1,1,1,1,1,1,1,1,1,1,1,1,1,1,1,1
2020-08-10 20:02:25,6.3526,470.2,68.349464,10.911914,1,1,1,1,1,1,1,1,1,1,1,1,1,1,1,1
2020-08-10 20:02:31,6.2798,474.4,68.349464,10.911914,1,1,1,1,1,1,1,1,1,1,1,1,1,1,1,1
2020-08-10 20:02:37,6.2517,478.8,68.349464,10.911914,1,1,1,1,1,1,1,1,1,1,1,1,1,1,1,1
2020-08-10 20:02:43,6.2068,482.9,68.349464,10.911914,1,1,1,1,1,1,1,1,1,1,1,1,1,1,1,1
2020-08-10 20:02:49,6.159,487.0,68.349464,10.911914,1,1,1,1,1,1,1,1,1,1,1,1,1,1,1,1
2020-08-10 20:02:56,6.1286,492.0,68.349464,10.911914,1,1,1,1,1,1,1,1,1,1,1,1,1,1,1,1
2020-08-10 20:03:03,6.1081,496.8,68.349464,10.911914,1,1,1,1,1,1,1,1,1,1,1,1,1,1,1,1
2020-08-10 20:03:10,5.8954,501.3,68.349464,10.911914,1,1,1,1,1,1,1,1,1,1,1,1,1,1,1,1
2020-08-10 20:03:16,5.8144,505.4,68.349464,10.911914,1,1,1,1,1,1,1,1,1,1,1,1,1,1,1,1
2020-08-10 20:03:23,5.7785,510.2,68.349464,10.911914,1,1,1,1,1,1,1,1,1,1,1,1,1,1,1,1
2020-08-10 20:03:30,5.6926,514.7,68.349464,10.911914,1,1,1,1,1,1,1,1,1,1,1,1,1,1,1,1
2020-08-10 20:03:36,5.6164,518.7,68.349464,10.911914,1,1,1,1,1,1,1,1,1,1,1,1,1,1,1,1
2020-08-10 20:03:42,5.5316,522.8,68.349464,10.911914,1,1,1,1,1,1,1,1,1,1,1,1,1,1,1,1
2020-08-10 20:03:49,5.4694,527.5,68.349464,10.911914,1,1,1,1,1,1,1,1,1,1,1,1,1,1,1,1
2020-08-10 20:03:56,5.3807,532.2,68.349464,10.911914,1,1,1,1,1,1,1,1,1,1,1,1,1,1,1,1
2020-08-10 20:04:03,5.2967,536.5,68.349464,10.911914,1,1,1,1,1,1,1,1,1,1,1,1,1,1,1,1
2020-08-10 20:04:10,5.2587,541.2,68.349464,10.911914,1,1,1,1,1,1,1,1,1,1,1,1,1,1,1,1
2020-08-10 20:04:17,5.0741,545.5,68.349464,10.911914,1,1,1,1,1,1,1,1,1,1,1,1,1,1,1,1
2020-08-10 20:04:24,4.7503,550.4,68.349464,10.911914,1,1,1,1,1,1,1,1,1,1,1,1,1,1,1,1
2020-08-10 20:04:31,4.5995,554.7,68.349464,10.911914,1,1,1,1,1,1,1,1,1,1,1,1,1,1,1,1
2020-08-10 20:04:38,4.4062,559.2,68.349464,10.911914,1,1,1,1,1,1,1,1,1,1,1,1,1,1,1,1
2020-08-10 20:04:45,4.2053,563.5,68.349464,10.911914,1,1,1,1,1,1,1,1,1,1,1,1,1,1,1,1
2020-08-10 20:04:52,3.9696,567.6,68.349464,10.911914,1,1,1,1,1,1,1,1,1,1,1,1,1,1,1,1
2020-08-10 20:04:59,3.8938,572.2,68.349464,10.911914,1,1,1,1,1,1,1,1,1,1,1,1,1,1,1,1
2020-08-10 20:05:06,3.716,576.2,68.349464,10.911914,1,1,1,1,1,1,1,1,1,1,1,1,1,1,1,1
2020-08-10 20:05:13,3.5175,581.0,68.349464,10.911914,1,1,1,1,1,1,1,1,1,1,1,1,1,1,1,1
2020-08-10 20:05:21,3.1404,585.7,68.349464,10.911914,1,1,1,1,1,1,1,1,1,1,1,1,1,1,1,1
2020-08-10 20:05:28,2.8805,589.7,68.349464,10.911914,1,1,1,1,1,1,1,1,1,1,1,1,1,1,1,1
2020-08-10 20:05:34,2.5649,593.8,68.349464,10.911914,1,1,1,1,1,1,1,1,1,1,1,1,1,1,1,1
2020-08-10 20:05:42,2.4784,598.0,68.349464,10.911914,1,1,1,1,1,1,1,1,1,1,1,1,1,1,1,1
2020-08-10 20:05:49,2.3119,602.3,68.349464,10.911914,1,1,1,1,1,1,1,1,1,1,1,1,1,1,1,1
2020-08-10 20:05:56,2.2459,606.5,68.349464,10.911914,1,1,1,1,1,1,1,1,1,1,1,1,1,1,1,1
2020-08-10 20:06:04,2.0694,611.3,68.349464,10.911914,1,1,1,1,1,1,1,1,1,1,1,1,1,1,1,1
2020-08-10 20:06:11,1.923,615.6,68.349464,10.911914,1,1,1,1,1,1,1,1,1,1,1,1,1,1,1,1
2020-08-10 20:06:18,1.7422,619.9,68.349464,10.911914,1,1,1,1,1,1,1,1,1,1,1,1,1,1,1,1
2020-08-10 20:06:25,1.5026,623.9,68.349464,10.911914,1,1,1,1,1,1,1,1,1,1,1,1,1,1,1,1
2020-08-10 20:06:33,1.3802,628.5,68.349464,10.911914,1,1,1,1,1,1,1,1,1,1,1,1,1,1,1,1
2020-08-10 20:06:50,1.1517,632.8,68.349464,10.911914,1,1,1,1,1,1,1,1,1,1,1,1,1,1,1,1
2020-08-10 20:11:50,1.1712,632.0,68.349464,10.911914,1,1,1,1,1,1,1,1,1,1,1,1,1,1,1,1
2020-08-10 20:16:50,1.182,631.2,68.349464,10.911914,1,1,1,1,1,1,1,1,1,1,1,1,1,1,1,1
2020-08-10 20:21:50,1.2496,630.9,68.349464,10.911914,1,1,1,1,1,1,1,1,1,1,1,1,1,1,1,1
2020-08-10 20:26:50,1.2745,630.4,68.349464,10.911914,1,1,1,1,1,1,1,1,1,1,1,1,1,1,1,1
2020-08-10 20:31:50,1.2818,630.3,68.349464,10.911914,1,1,1,1,1,1,1,1,1,1,1,1,1,1,1,1
2020-08-10 20:36:50,1.3078,629.8,68.349464,10.911914,1,1,1,1,1,1,1,1,1,1,1,1,1,1,1,1
2020-08-10 20:41:50,1.3223,629.7,68.349464,10.911914,1,1,1,1,1,1,1,1,1,1,1,1,1,1,1,1
2020-08-10 20:46:50,1.3421,630.1,68.349464,10.911914,1,1,1,1,1,1,1,1,1,1,1,1,1,1,1,1
2020-08-10 20:51:50,1.3558,629.9,68.349464,10.911914,1,1,1,1,1,1,1,1,1,1,1,1,1,1,1,1
2020-08-10 20:56:50,1.3656,629.4,68.349464,10.911914,1,1,1,1,1,1,1,1,1,1,1,1,1,1,1,1
2020-08-10 21:01:50,1.3719,629.1,68.349464,10.911914,1,1,1,1,1,1,1,1,1,1,1,1,1,1,1,1
2020-08-10 21:06:50,1.3672,629.1,68.349464,10.911914,1,1,1,1,1,1,1,1,1,1,1,1,1,1,1,1
2020-08-10 21:11:50,1.3732,629.3,68.349464,10.911914,1,1,1,1,1,1,1,1,1,1,1,1,1,1,1,1
2020-08-10 21:16:50,1.3756,629.2,68.349464,10.911914,1,1,1,1,1,1,1,1,1,1,1,1,1,1,1,1
2020-08-10 21:21:50,1.381,629.2,68.349464,10.911914,1,1,1,1,1,1,1,1,1,1,1,1,1,1,1,1
2020-08-10 21:26:50,1.385,629.2,68.349464,10.911914,1,1,1,1,1,1,1,1,1,1,1,1,1,1,1,1
2020-08-10 21:31:50,1.3891,629.1,68.349464,10.911914,1,1,1,1,1,1,1,1,1,1,1,1,1,1,1,1
2020-08-10 21:36:50,1.3955,629.1,68.349464,10.911914,1,1,1,1,1,1,1,1,1,1,1,1,1,1,1,1
2020-08-10 21:41:50,1.4077,628.9,68.349464,10.911914,1,1,1,1,1,1,1,1,1,1,1,1,1,1,1,1
2020-08-10 21:46:50,1.4193,629.2,68.349464,10.911914,1,1,1,1,1,1,1,1,1,1,1,1,1,1,1,1
2020-08-10 21:51:50,1.4258,629.1,68.349464,10.911914,1,1,1,1,1,1,1,1,1,1,1,1,1,1,1,1
2020-08-10 21:56:50,1.4403,629.0,68.349464,10.911914,1,1,1,1,1,1,1,1,1,1,1,1,1,1,1,1
2020-08-10 22:01:50,1.4508,629.1,68.349464,10.911914,1,1,1,1,1,1,1,1,1,1,1,1,1,1,1,1
2020-08-10 22:06:50,1.4745,629.0,68.349464,10.911914,1,1,1,1,1,1,1,1,1,1,1,1,1,1,1,1
2020-08-10 22:11:50,1.5014,629.1,68.349464,10.911914,1,1,1,1,1,1,1,1,1,1,1,1,1,1,1,1
2020-08-10 22:16:50,1.5149,629.2,68.349464,10.911914,1,1,1,1,1,1,1,1,1,1,1,1,1,1,1,1
2020-08-10 22:21:50,1.5298,629.3,68.349464,10.911914,1,1,1,1,1,1,1,1,1,1,1,1,1,1,1,1
2020-08-10 22:26:50,1.5629,629.2,68.349464,10.911914,1,1,1,1,1,1,1,1,1,1,1,1,1,1,1,1
2020-08-10 22:31:50,1.5544,629.0,68.349464,10.911914,1,1,1,1,1,1,1,1,1,1,1,1,1,1,1,1
2020-08-10 22:36:50,1.5988,629.2,68.349464,10.911914,1,1,1,1,1,1,1,1,1,1,1,1,1,1,1,1
2020-08-10 22:41:50,1.5948,629.1,68.349464,10.911914,1,1,1,1,1,1,1,1,1,1,1,1,1,1,1,1
2020-08-10 22:46:50,1.6219999999999999,629.1,68.349464,10.911914,1,1,1,1,1,1,1,1,1,1,1,1,1,1,1,1
2020-08-10 22:51:50,1.6168,629.1,68.349464,10.911914,1,1,1,1,1,1,1,1,1,1,1,1,1,1,1,1
2020-08-10 22:56:50,1.6374,629.3,68.349464,10.911914,1,1,1,1,1,1,1,1,1,1,1,1,1,1,1,1
2020-08-10 23:01:50,1.6419,629.0,68.349464,10.911914,1,1,1,1,1,1,1,1,1,1,1,1,1,1,1,1
2020-08-10 23:06:50,1.6676,629.0,68.349464,10.911914,1,1,1,1,1,1,1,1,1,1,1,1,1,1,1,1
2020-08-10 23:11:50,1.6713,629.2,68.349464,10.911914,1,1,1,1,1,1,1,1,1,1,1,1,1,1,1,1
2020-08-10 23:16:50,1.6782,629.0,68.349464,10.911914,1,1,1,1,1,1,1,1,1,1,1,1,1,1,1,1
2020-08-10 23:21:50,1.689,629.5,68.349464,10.911914,1,1,1,1,1,1,1,1,1,1,1,1,1,1,1,1
2020-08-10 23:26:50,1.6834,629.4,68.349464,10.911914,1,1,1,1,1,1,1,1,1,1,1,1,1,1,1,1
2020-08-10 23:31:50,1.679,629.0,68.349464,10.911914,1,1,1,1,1,1,1,1,1,1,1,1,1,1,1,1
2020-08-10 23:36:50,0.9709,629.1,68.349464,10.911914,1,1,1,1,1,1,1,1,1,1,1,1,1,1,1,1
2020-08-10 23:41:50,0.8645,629.3,68.349464,10.911914,1,1,1,1,1,1,1,1,1,1,1,1,1,1,1,1
2020-08-10 23:46:50,0.7921,629.3,68.349464,10.911914,1,1,1,1,1,1,1,1,1,1,1,1,1,1,1,1
2020-08-10 23:51:50,0.7425,629.4,68.349464,10.911914,1,1,1,1,1,1,1,1,1,1,1,1,1,1,1,1
2020-08-10 23:56:50,0.7085,629.0,68.349464,10.911914,1,1,1,1,1,1,1,1,1,1,1,1,1,1,1,1
2020-08-11 00:01:50,0.6970000000000001,629.3,68.349464,10.911914,1,1,1,1,1,1,1,1,1,1,1,1,1,1,1,1
2020-08-11 00:06:50,0.6889,629.2,68.349464,10.911914,1,1,1,1,1,1,1,1,1,1,1,1,1,1,1,1
2020-08-11 00:11:50,0.6914,628.8,68.349464,10.911914,1,1,1,1,1,1,1,1,1,1,1,1,1,1,1,1
2020-08-11 00:16:50,0.6899,629.2,68.349464,10.911914,1,1,1,1,1,1,1,1,1,1,1,1,1,1,1,1
2020-08-11 00:21:50,0.6993,628.8,68.349464,10.911914,1,1,1,1,1,1,1,1,1,1,1,1,1,1,1,1
2020-08-11 00:26:50,0.7131,629.1,68.349464,10.911914,1,1,1,1,1,1,1,1,1,1,1,1,1,1,1,1
2020-08-11 00:31:50,0.7198,629.0,68.349464,10.911914,1,1,1,1,1,1,1,1,1,1,1,1,1,1,1,1
2020-08-11 00:36:50,0.7224,628.6,68.349464,10.911914,1,1,1,1,1,1,1,1,1,1,1,1,1,1,1,1
2020-08-11 00:41:50,0.7274,629.2,68.349464,10.911914,1,1,1,1,1,1,1,1,1,1,1,1,1,1,1,1
2020-08-11 00:46:50,0.6877,629.0,68.349464,10.911914,1,1,1,1,1,1,1,1,1,1,1,1,1,1,1,1
2020-08-11 00:51:50,0.6535,629.4,68.349464,10.911914,1,1,1,1,1,1,1,1,1,1,1,1,1,1,1,1
2020-08-11 00:56:50,0.6432,629.4,68.349464,10.911914,1,1,1,1,1,1,1,1,1,1,1,1,1,1,1,1
2020-08-11 01:01:50,0.6346,629.1,68.349464,10.911914,1,1,1,1,1,1,1,1,1,1,1,1,1,1,1,1
2020-08-11 01:06:50,0.6136,629.1,68.349464,10.911914,1,1,1,1,1,1,1,1,1,1,1,1,1,1,1,1
2020-08-11 01:11:50,0.5959,629.1,68.349464,10.911914,1,1,1,1,1,1,1,1,1,1,1,1,1,1,1,1
2020-08-11 01:16:50,0.5676,629.2,68.349464,10.911914,1,1,1,1,1,1,1,1,1,1,1,1,1,1,1,1
2020-08-11 01:21:50,0.5308,628.9,68.349464,10.911914,1,1,1,1,1,1,1,1,1,1,1,1,1,1,1,1
2020-08-11 01:26:50,0.5217,629.4,68.349464,10.911914,1,1,1,1,1,1,1,1,1,1,1,1,1,1,1,1
2020-08-11 01:31:50,0.5085,629.2,68.349464,10.911914,1,1,1,1,1,1,1,1,1,1,1,1,1,1,1,1
2020-08-11 01:36:50,0.5167,629.2,68.349464,10.911914,1,1,1,1,1,1,1,1,1,1,1,1,1,1,1,1
2020-08-11 01:41:50,0.4928,629.3,68.349464,10.911914,1,1,1,1,1,1,1,1,1,1,1,1,1,1,1,1
2020-08-11 01:46:50,0.4885,629.1,68.349464,10.911914,1,1,1,1,1,1,1,1,1,1,1,1,1,1,1,1
2020-08-11 01:51:50,0.4902,629.5,68.349464,10.911914,1,1,1,1,1,1,1,1,1,1,1,1,1,1,1,1
2020-08-11 01:56:50,0.4922,629.3,68.349464,10.911914,1,1,1,1,1,1,1,1,1,1,1,1,1,1,1,1
2020-08-11 02:01:50,0.4982,628.9,68.349464,10.911914,1,1,1,1,1,1,1,1,1,1,1,1,1,1,1,1
2020-08-11 02:06:50,0.4844,629.2,68.349464,10.911914,1,1,1,1,1,1,1,1,1,1,1,1,1,1,1,1
2020-08-11 02:11:50,0.4824,629.3,68.349464,10.911914,1,1,1,1,1,1,1,1,1,1,1,1,1,1,1,1
2020-08-11 02:16:50,0.4734,628.9,68.349464,10.911914,1,1,1,1,1,1,1,1,1,1,1,1,1,1,1,1
2020-08-11 02:21:50,0.47200000000000003,629.5,68.349464,10.911914,1,1,1,1,1,1,1,1,1,1,1,1,1,1,1,1
2020-08-11 02:26:50,0.4773,629.0,68.349464,10.911914,1,1,1,1,1,1,1,1,1,1,1,1,1,1,1,1
2020-08-11 02:31:50,0.5009,629.1,68.349464,10.911914,1,1,1,1,1,1,1,1,1,1,1,1,1,1,1,1
2020-08-11 02:36:50,0.5012,629.4,68.349464,10.911914,1,1,1,1,1,1,1,1,1,1,1,1,1,1,1,1
2020-08-11 02:41:50,0.5459,629.2,68.349464,10.911914,1,1,1,1,1,1,1,1,1,1,1,1,1,1,1,1
2020-08-11 02:46:50,0.5503,629.2,68.349464,10.911914,1,1,1,1,1,1,1,1,1,1,1,1,1,1,1,1
2020-08-11 02:51:50,0.5704,629.5,68.349464,10.911914,1,1,1,1,1,1,1,1,1,1,1,1,1,1,1,1
2020-08-11 02:56:50,0.6378,629.4,68.349464,10.911914,1,1,1,1,1,1,1,1,1,1,1,1,1,1,1,1
2020-08-11 03:01:50,0.78,629.5,68.349464,10.911914,1,1,1,1,1,1,1,1,1,1,1,1,1,1,1,1
2020-08-11 03:06:50,0.8223,629.2,68.349464,10.911914,1,1,1,1,1,1,1,1,1,1,1,1,1,1,1,1
2020-08-11 03:11:50,0.8044,629.6,68.349464,10.911914,1,1,1,1,1,1,1,1,1,1,1,1,1,1,1,1
2020-08-11 03:16:50,0.7977,629.3,68.349464,10.911914,1,1,1,1,1,1,1,1,1,1,1,1,1,1,1,1
2020-08-11 03:21:50,0.8095,629.4,68.349464,10.911914,1,1,1,1,1,1,1,1,1,1,1,1,1,1,1,1
2020-08-11 03:26:50,0.7887,629.7,68.349464,10.911914,1,1,1,1,1,1,1,1,1,1,1,1,1,1,1,1
2020-08-11 03:31:50,0.8196,629.7,68.349464,10.911914,1,1,1,1,1,1,1,1,1,1,1,1,1,1,1,1
2020-08-11 03:36:50,0.8003,629.5,68.349464,10.911914,1,1,1,1,1,1,1,1,1,1,1,1,1,1,1,1
2020-08-11 03:41:50,0.7858,629.7,68.349464,10.911914,1,1,1,1,1,1,1,1,1,1,1,1,1,1,1,1
2020-08-11 03:46:50,0.7628,629.8,68.349464,10.911914,1,1,1,1,1,1,1,1,1,1,1,1,1,1,1,1
2020-08-11 03:51:50,0.8351,628.6,68.349464,10.911914,1,1,1,1,1,1,1,1,1,1,1,1,1,1,1,1
2020-08-11 03:52:44,1.2437,624.6,68.349464,10.911914,1,1,1,1,1,1,1,1,1,1,1,1,1,1,1,1
2020-08-11 03:53:13,1.5090000000000001,620.5,68.349464,10.911914,1,1,1,1,1,1,1,1,1,1,1,1,1,1,1,1
2020-08-11 03:53:35,1.639,616.4,68.349464,10.911914,1,1,1,1,1,1,1,1,1,1,1,1,1,1,1,1
2020-08-11 03:53:56,1.7215,611.9,68.349464,10.911914,1,1,1,1,1,1,1,1,1,1,1,1,1,1,1,1
2020-08-11 03:54:18,2.2032,607.7,68.349464,10.911914,1,1,1,1,1,1,1,1,1,1,1,1,1,1,1,1
2020-08-11 03:54:37,2.5484,603.0,68.349464,10.911914,1,1,1,1,1,1,1,1,1,1,1,1,1,1,1,1
2020-08-11 03:54:58,2.7918,598.8,68.349464,10.911914,1,1,1,1,1,1,1,1,1,1,1,1,1,1,1,1
2020-08-11 03:55:17,3.2510000000000003,594.7,68.349464,10.911914,1,1,1,1,1,1,1,1,1,1,1,1,1,1,1,1
2020-08-11 03:55:35,3.2386,590.3,68.349464,10.911914,1,1,1,1,1,1,1,1,1,1,1,1,1,1,1,1
2020-08-11 03:55:52,3.4138,586.3,68.349464,10.911914,1,1,1,1,1,1,1,1,1,1,1,1,1,1,1,1
2020-08-11 03:56:09,3.6321,582.0,68.349464,10.911914,1,1,1,1,1,1,1,1,1,1,1,1,1,1,1,1
2020-08-11 03:56:25,3.6774,577.7,68.349464,10.911914,1,1,1,1,1,1,1,1,1,1,1,1,1,1,1,1
2020-08-11 03:56:44,3.7033,573.5,68.349464,10.911914,1,1,1,1,1,1,1,1,1,1,1,1,1,1,1,1
2020-08-11 03:56:59,3.7496,569.5,68.349464,10.911914,1,1,1,1,1,1,1,1,1,1,1,1,1,1,1,1
2020-08-11 03:57:13,3.9289,565.4,68.349464,10.911914,1,1,1,1,1,1,1,1,1,1,1,1,1,1,1,1
2020-08-11 03:57:26,4.2455,561.3,68.349464,10.911914,1,1,1,1,1,1,1,1,1,1,1,1,1,1,1,1
2020-08-11 03:57:41,4.4416,557.1,68.349464,10.911914,1,1,1,1,1,1,1,1,1,1,1,1,1,1,1,1
2020-08-11 03:57:54,4.5354,552.9,68.349464,10.911914,1,1,1,1,1,1,1,1,1,1,1,1,1,1,1,1
2020-08-11 03:58:08,4.6408,548.4,68.349464,10.911914,1,1,1,1,1,1,1,1,1,1,1,1,1,1,1,1
2020-08-11 03:58:22,4.7433,543.9,68.349464,10.911914,1,1,1,1,1,1,1,1,1,1,1,1,1,1,1,1
2020-08-11 03:58:37,5.0067,539.4,68.349464,10.911914,1,1,1,1,1,1,1,1,1,1,1,1,1,1,1,1
2020-08-11 03:58:50,5.1136,535.0,68.349464,10.911914,1,1,1,1,1,1,1,1,1,1,1,1,1,1,1,1
2020-08-11 03:59:04,5.2772,530.8,68.349464,10.911914,1,1,1,1,1,1,1,1,1,1,1,1,1,1,1,1
2020-08-11 03:59:15,5.3814,526.8,68.349464,10.911914,1,1,1,1,1,1,1,1,1,1,1,1,1,1,1,1
2020-08-11 03:59:29,5.4683,522.5,68.349464,10.911914,1,1,1,1,1,1,1,1,1,1,1,1,1,1,1,1
2020-08-11 03:59:41,5.5882,517.9,68.349464,10.911914,1,1,1,1,1,1,1,1,1,1,1,1,1,1,1,1
2020-08-11 03:59:55,5.7724,513.1,68.349464,10.911914,1,1,1,1,1,1,1,1,1,1,1,1,1,1,1,1
2020-08-11 04:00:07,5.935,508.9,68.349464,10.911914,1,1,1,1,1,1,1,1,1,1,1,1,1,1,1,1
2020-08-11 04:00:16,5.9937,504.7,68.349464,10.911914,1,1,1,1,1,1,1,1,1,1,1,1,1,1,1,1
2020-08-11 04:00:29,6.0384,500.3,68.349464,10.911914,1,1,1,1,1,1,1,1,1,1,1,1,1,1,1,1
2020-08-11 04:00:38,6.056,495.9,68.349464,10.911914,1,1,1,1,1,1,1,1,1,1,1,1,1,1,1,1
2020-08-11 04:00:50,6.1754,491.7,68.349464,10.911914,1,1,1,1,1,1,1,1,1,1,1,1,1,1,1,1
2020-08-11 04:01:00,6.1973,487.4,68.349464,10.911914,1,1,1,1,1,1,1,1,1,1,1,1,1,1,1,1
2020-08-11 04:01:10,6.2814,482.8,68.349464,10.911914,1,1,1,1,1,1,1,1,1,1,1,1,1,1,1,1
2020-08-11 04:01:20,6.3483,478.2,68.349464,10.911914,1,1,1,1,1,1,1,1,1,1,1,1,1,1,1,1
2020-08-11 04:01:29,6.3779,474.1,68.349464,10.911914,1,1,1,1,1,1,1,1,1,1,1,1,1,1,1,1
2020-08-11 04:01:39,6.426,469.8,68.349464,10.911914,1,1,1,1,1,1,1,1,1,1,1,1,1,1,1,1
2020-08-11 04:01:48,6.4937,465.5,68.349464,10.911914,1,1,1,1,1,1,1,1,1,1,1,1,1,1,1,1
2020-08-11 04:01:57,6.5679,461.1,68.349464,10.911914,1,1,1,1,1,1,1,1,1,1,1,1,1,1,1,1
2020-08-11 04:02:06,6.5963,456.6,68.349464,10.911914,1,1,1,1,1,1,1,1,1,1,1,1,1,1,1,1
2020-08-11 04:02:16,6.608,452.1,68.349464,10.911914,1,1,1,1,1,1,1,1,1,1,1,1,1,1,1,1
2020-08-11 04:02:26,6.629,447.5,68.349464,10.911914,1,1,1,1,1,1,1,1,1,1,1,1,1,1,1,1
2020-08-11 04:02:35,6.644,443.4,68.349464,10.911914,1,1,1,1,1,1,1,1,1,1,1,1,1,1,1,1
2020-08-11 04:02:44,6.6772,439.0,68.349464,10.911914,1,1,1,1,1,1,1,1,1,1,1,1,1,1,1,1
2020-08-11 04:02:54,6.7702,434.3,68.349464,10.911914,1,1,1,1,1,1,1,1,1,1,1,1,1,1,1,1
2020-08-11 04:03:03,6.8277,429.8,68.349464,10.911914,1,1,1,1,1,1,1,1,1,1,1,1,1,1,1,1
2020-08-11 04:03:13,6.8526,425.1,68.349464,10.911914,1,1,1,1,1,1,1,1,1,1,1,1,1,1,1,1
2020-08-11 04:03:22,6.8628,420.7,68.349464,10.911914,1,1,1,1,1,1,1,1,1,1,1,1,1,1,1,1
2020-08-11 04:03:30,6.8692,416.7,68.349464,10.911914,1,1,1,1,1,1,1,1,1,1,1,1,1,1,1,1
2020-08-11 04:03:38,6.875,412.5,68.349464,10.911914,1,1,1,1,1,1,1,1,1,1,1,1,1,1,1,1
2020-08-11 04:03:46,6.8952,408.5,68.349464,10.911914,1,1,1,1,1,1,1,1,1,1,1,1,1,1,1,1
2020-08-11 04:03:55,6.9096,403.9,68.349464,10.911914,1,1,1,1,1,1,1,1,1,1,1,1,1,1,1,1
2020-08-11 04:04:05,6.9207,399.8,68.349464,10.911914,1,1,1,1,1,1,1,1,1,1,1,1,1,1,1,1
2020-08-11 04:04:14,6.925,395.4,68.349464,10.911914,1,1,1,1,1,1,1,1,1,1,1,1,1,1,1,1
2020-08-11 04:04:22,6.9466,391.2,68.349464,10.911914,1,1,1,1,1,1,1,1,1,1,1,1,1,1,1,1
2020-08-11 04:04:31,6.9661,386.9,68.349464,10.911914,1,1,1,1,1,1,1,1,1,1,1,1,1,1,1,1
2020-08-11 04:04:39,6.966,382.6,68.349464,10.911914,1,1,1,1,1,1,1,1,1,1,1,1,1,1,1,1
2020-08-11 04:04:47,6.9682,378.5,68.349464,10.911914,1,1,1,1,1,1,1,1,1,1,1,1,1,1,1,1
2020-08-11 04:04:58,6.9707,373.7,68.349464,10.911914,1,1,1,1,1,1,1,1,1,1,1,1,1,1,1,1
2020-08-11 04:05:06,6.9701,369.6,68.349464,10.911914,1,1,1,1,1,1,1,1,1,1,1,1,1,1,1,1
2020-08-11 04:05:14,6.9701,365.0,68.349464,10.911914,1,1,1,1,1,1,1,1,1,1,1,1,1,1,1,1
2020-08-11 04:05:22,6.9788,361.0,68.349464,10.911914,1,1,1,1,1,1,1,1,1,1,1,1,1,1,1,1
2020-08-11 04:05:30,6.9843,357.0,68.349464,10.911914,1,1,1,1,1,1,1,1,1,1,1,1,1,1,1,1
2020-08-11 04:05:39,6.983,352.4,68.349464,10.911914,1,1,1,1,1,1,1,1,1,1,1,1,1,1,1,1
2020-08-11 04:05:47,6.9808,348.4,68.349464,10.911914,1,1,1,1,1,1,1,1,1,1,1,1,1,1,1,1
2020-08-11 04:05:56,6.9818,344.1,68.349464,10.911914,1,1,1,1,1,1,1,1,1,1,1,1,1,1,1,1
2020-08-11 04:06:04,6.9817,339.9,68.349464,10.911914,1,1,1,1,1,1,1,1,1,1,1,1,1,1,1,1
2020-08-11 04:06:13,6.9822,335.5,68.349464,10.911914,1,1,1,1,1,1,1,1,1,1,1,1,1,1,1,1
2020-08-11 04:06:21,6.9843,330.9,68.349464,10.911914,1,1,1,1,1,1,1,1,1,1,1,1,1,1,1,1
2020-08-11 04:06:30,6.9879,326.8,68.349464,10.911914,1,1,1,1,1,1,1,1,1,1,1,1,1,1,1,1
2020-08-11 04:06:38,6.9878,322.8,68.349464,10.911914,1,1,1,1,1,1,1,1,1,1,1,1,1,1,1,1
2020-08-11 04:06:47,6.987,318.1,68.349464,10.911914,1,1,1,1,1,1,1,1,1,1,1,1,1,1,1,1
2020-08-11 04:06:56,6.9863,313.9,68.349464,10.911914,1,1,1,1,1,1,1,1,1,1,1,1,1,1,1,1
2020-08-11 04:07:05,6.9858,309.3,68.349464,10.911914,1,1,1,1,1,1,1,1,1,1,1,1,1,1,1,1
2020-08-11 04:07:14,6.9855,304.8,68.349464,10.911914,1,1,1,1,1,1,1,1,1,1,1,1,1,1,1,1
2020-08-11 04:07:23,6.987,300.5,68.349464,10.911914,1,1,1,1,1,1,1,1,1,1,1,1,1,1,1,1
2020-08-11 04:07:31,6.9867,296.2,68.349464,10.911914,1,1,1,1,1,1,1,1,1,1,1,1,1,1,1,1
2020-08-11 04:07:40,6.9869,291.8,68.349464,10.911914,1,1,1,1,1,1,1,1,1,1,1,1,1,1,1,1
2020-08-11 04:07:48,6.9951,287.5,68.349464,10.911914,1,1,1,1,1,1,1,1,1,1,1,1,1,1,1,1
2020-08-11 04:07:57,7.0436,283.5,68.349464,10.911914,1,1,1,1,1,1,1,1,1,1,1,1,1,1,1,1
2020-08-11 04:08:05,7.1261,279.4,68.349464,10.911914,1,1,1,1,1,1,1,1,1,1,1,1,1,1,1,1
2020-08-11 04:08:14,7.1857,275.4,68.349464,10.911914,1,1,1,1,1,1,1,1,1,1,1,1,1,1,1,1
2020-08-11 04:08:23,7.222,270.7,68.349464,10.911914,1,1,1,1,1,1,1,1,1,1,1,1,1,1,1,1
2020-08-11 04:08:32,7.2705,266.6,68.349464,10.911914,1,1,1,1,1,1,1,1,1,1,1,1,1,1,1,1
2020-08-11 04:08:40,7.3343,262.6,68.349464,10.911914,1,1,1,1,1,1,1,1,1,1,1,1,1,1,1,1
2020-08-11 04:08:49,7.3548,258.4,68.349464,10.911914,1,1,1,1,1,1,1,1,1,1,1,1,1,1,1,1
2020-08-11 04:08:57,7.3452,254.4,68.349464,10.911914,1,1,1,1,1,1,1,1,1,1,1,1,1,1,1,1
2020-08-11 04:09:06,7.3678,249.8,68.349464,10.911914,1,1,1,1,1,1,1,1,1,1,1,1,1,1,1,1
2020-08-11 04:09:15,7.3984,245.7,68.349464,10.911914,1,1,1,1,1,1,1,1,1,1,1,1,1,1,1,1
2020-08-11 04:09:24,7.4158,241.3,68.349464,10.911914,1,1,1,1,1,1,1,1,1,1,1,1,1,1,1,1
2020-08-11 04:09:33,7.4597,236.9,68.349464,10.911914,1,1,1,1,1,1,1,1,1,1,1,1,1,1,1,1
2020-08-11 04:09:44,7.4764,232.9,68.349464,10.911914,1,1,1,1,1,1,1,1,1,1,1,1,1,1,1,1
2020-08-11 04:09:53,7.4883,228.7,68.349464,10.911914,1,1,1,1,1,1,1,1,1,1,1,1,1,1,1,1
2020-08-11 04:10:02,7.5145,224.5,68.349464,10.911914,1,1,1,1,1,1,1,1,1,1,1,1,1,1,1,1
2020-08-11 04:10:11,7.5231,220.4,68.349464,10.911914,1,1,1,1,1,1,1,1,1,1,1,1,1,1,1,1
2020-08-11 04:10:21,7.5742,216.4,68.349464,10.911914,1,1,1,1,1,1,1,1,1,1,1,1,1,1,1,1
2020-08-11 04:10:30,7.6048,211.9,68.349464,10.911914,1,1,1,1,1,1,1,1,1,1,1,1,1,1,1,1
2020-08-11 04:10:40,7.6202,207.6,68.349464,10.911914,1,1,1,1,1,1,1,1,1,1,1,1,1,1,1,1
2020-08-11 04:10:50,7.6664,203.1,68.349464,10.911914,1,1,1,1,1,1,1,1,1,1,1,1,1,1,1,1
2020-08-11 04:10:58,7.6948,199.8,68.349464,10.911914,1,1,1,1,1,1,1,1,1,1,1,1,1,1,1,1
2020-08-11 04:11:00,7.6926,198.6,68.349464,10.911914,1,1,1,1,1,1,1,1,1,1,1,1,1,1,1,1
2020-08-11 04:11:03,7.5893,197.4,68.349464,10.911914,1,1,1,1,1,1,1,1,1,1,1,1,1,1,1,1
2020-08-11 04:11:06,7.5765,196.2,68.349464,10.911914,1,1,1,1,1,1,1,1,1,1,1,1,1,1,1,1
2020-08-11 04:11:08,7.5851,195.2,68.349464,10.911914,1,1,1,1,1,1,1,1,1,1,1,1,1,1,1,1
2020-08-11 04:11:10,7.5733,194.1,68.349464,10.911914,1,1,1,1,1,1,1,1,1,1,1,1,1,1,1,1
2020-08-11 04:11:14,7.5211,192.7,68.349464,10.911914,1,1,1,1,1,1,1,1,1,1,1,1,1,1,1,1
2020-08-11 04:11:16,7.4183,191.6,68.349464,10.911914,1,1,1,1,1,1,1,1,1,1,1,1,1,1,1,1
2020-08-11 04:11:20,7.3942,190.5,68.349464,10.911914,1,1,1,1,1,1,1,1,1,1,1,1,1,1,1,1
2020-08-11 04:11:22,7.3922,189.2,68.349464,10.911914,1,1,1,1,1,1,1,1,1,1,1,1,1,1,1,1
2020-08-11 04:11:25,7.3926,188.0,68.349464,10.911914,1,1,1,1,1,1,1,1,1,1,1,1,1,1,1,1
2020-08-11 04:11:28,7.393,186.8,68.349464,10.911914,1,1,1,1,1,1,1,1,1,1,1,1,1,1,1,1
2020-08-11 04:11:30,7.3952,185.5,68.349464,10.911914,1,1,1,1,1,1,1,1,1,1,1,1,1,1,1,1
2020-08-11 04:11:34,7.3978,184.2,68.349464,10.911914,1,1,1,1,1,1,1,1,1,1,1,1,1,1,1,1
2020-08-11 04:11:38,7.4141,182.1,68.349464,10.911914,1,1,1,1,1,1,1,1,1,1,1,1,1,1,1,1
2020-08-11 04:11:43,7.4113,181.1,68.349464,10.911914,1,1,1,1,1,1,1,1,1,1,1,1,1,1,1,1
2020-08-11 04:11:44,7.4113,179.6,68.349464,10.911914,1,1,1,1,1,1,1,1,1,1,1,1,1,1,1,1
2020-08-11 04:11:48,7.4082,178.5,68.349464,10.911914,1,1,1,1,1,1,1,1,1,1,1,1,1,1,1,1
2020-08-11 04:11:51,7.4065,177.3,68.349464,10.911914,1,1,1,1,1,1,1,1,1,1,1,1,1,1,1,1
2020-08-11 04:11:52,7.4049,176.3,68.349464,10.911914,1,1,1,1,1,1,1,1,1,1,1,1,1,1,1,1
2020-08-11 04:11:55,7.409,175.3,68.349464,10.911914,1,1,1,1,1,1,1,1,1,1,1,1,1,1,1,1
2020-08-11 04:11:59,7.4073,173.9,68.349464,10.911914,1,1,1,1,1,1,1,1,1,1,1,1,1,1,1,1
2020-08-11 04:12:01,7.409,172.9,68.349464,10.911914,1,1,1,1,1,1,1,1,1,1,1,1,1,1,1,1
2020-08-11 04:12:04,7.4167,171.9,68.349464,10.911914,1,1,1,1,1,1,1,1,1,1,1,1,1,1,1,1
2020-08-11 04:12:07,7.4126,170.8,68.349464,10.911914,1,1,1,1,1,1,1,1,1,1,1,1,1,1,1,1
2020-08-11 04:12:09,7.4089,169.8,68.349464,10.911914,1,1,1,1,1,1,1,1,1,1,1,1,1,1,1,1
2020-08-11 04:12:12,7.4109,168.1,68.349464,10.911914,1,1,1,1,1,1,1,1,1,1,1,1,1,1,1,1
2020-08-11 04:12:16,7.4369,166.8,68.349464,10.911914,1,1,1,1,1,1,1,1,1,1,1,1,1,1,1,1
2020-08-11 04:12:20,7.4612,165.0,68.349464,10.911914,1,1,1,1,1,1,1,1,1,1,1,1,1,1,1,1
2020-08-11 04:12:24,7.4637,163.7,68.349464,10.911914,1,1,1,1,1,1,1,1,1,1,1,1,1,1,1,1
2020-08-11 04:12:26,7.4507,162.6,68.349464,10.911914,1,1,1,1,1,1,1,1,1,1,1,1,1,1,1,1
2020-08-11 04:12:29,7.4442,161.6,68.349464,10.911914,1,1,1,1,1,1,1,1,1,1,1,1,1,1,1,1
2020-08-11 04:12:31,7.4675,160.4,68.349464,10.911914,1,1,1,1,1,1,1,1,1,1,1,1,1,1,1,1
2020-08-11 04:12:36,7.4489,159.0,68.349464,10.911914,1,1,1,1,1,1,1,1,1,1,1,1,1,1,1,1
2020-08-11 04:12:39,7.4447,157.6,68.349464,10.911914,1,1,1,1,1,1,1,1,1,1,1,1,1,1,1,1
2020-08-11 04:12:42,7.4463,156.6,68.349464,10.911914,1,1,1,1,1,1,1,1,1,1,1,1,1,1,1,1
2020-08-11 04:12:45,7.4565,155.6,68.349464,10.911914,1,1,1,1,1,1,1,1,1,1,1,1,1,1,1,1
2020-08-11 04:12:48,7.4517,154.4,68.349464,10.911914,1,1,1,1,1,1,1,1,1,1,1,1,1,1,1,1
2020-08-11 04:12:51,7.4552,153.2,68.349464,10.911914,1,1,1,1,1,1,1,1,1,1,1,1,1,1,1,1
2020-08-11 04:12:53,7.4564,151.8,68.349464,10.911914,1,1,1,1,1,1,1,1,1,1,1,1,1,1,1,1
2020-08-11 04:12:57,7.4557,150.8,68.349464,10.911914,1,1,1,1,1,1,1,1,1,1,1,1,1,1,1,1
2020-08-11 04:12:59,7.4555,149.5,68.349464,10.911914,1,1,1,1,1,1,1,1,1,1,1,1,1,1,1,1
2020-08-11 04:13:03,7.4568,148.1,68.349464,10.911914,1,1,1,1,1,1,1,1,1,1,1,1,1,1,1,1
2020-08-11 04:13:08,7.4601,146.4,68.349464,10.911914,1,1,1,1,1,1,1,1,1,1,1,1,1,1,1,1
2020-08-11 04:13:09,7.4628,145.2,68.349464,10.911914,1,1,1,1,1,1,1,1,1,1,1,1,1,1,1,1
2020-08-11 04:13:14,7.466,143.9,68.349464,10.911914,1,1,1,1,1,1,1,1,1,1,1,1,1,1,1,1
2020-08-11 04:13:16,7.4626,142.9,68.349464,10.911914,1,1,1,1,1,1,1,1,1,1,1,1,1,1,1,1
2020-08-11 04:13:19,7.4623,141.9,68.349464,10.911914,1,1,1,1,1,1,1,1,1,1,1,1,1,1,1,1
2020-08-11 04:13:22,7.4623,140.6,68.349464,10.911914,1,1,1,1,1,1,1,1,1,1,1,1,1,1,1,1
2020-08-11 04:13:25,7.4626,139.3,68.349464,10.911914,1,1,1,1,1,1,1,1,1,1,1,1,1,1,1,1
2020-08-11 04:13:28,7.468,138.1,68.349464,10.911914,1,1,1,1,1,1,1,1,1,1,1,1,1,1,1,1
2020-08-11 04:13:31,7.5332,136.9,68.349464,10.911914,1,1,1,1,1,1,1,1,1,1,1,1,1,1,1,1
2020-08-11 04:13:35,7.5646,135.6,68.349464,10.911914,1,1,1,1,1,1,1,1,1,1,1,1,1,1,1,1
2020-08-11 04:13:39,7.5769,134.2,68.349464,10.911914,1,1,1,1,1,1,1,1,1,1,1,1,1,1,1,1
2020-08-11 04:13:41,7.598,132.9,68.349464,10.911914,1,1,1,1,1,1,1,1,1,1,1,1,1,1,1,1
2020-08-11 04:13:45,7.6239,131.6,68.349464,10.911914,1,1,1,1,1,1,1,1,1,1,1,1,1,1,1,1
2020-08-11 04:13:48,7.638,130.1,68.349464,10.911914,1,1,1,1,1,1,1,1,1,1,1,1,1,1,1,1
2020-08-11 04:13:52,7.6928,128.9,68.349464,10.911914,1,1,1,1,1,1,1,1,1,1,1,1,1,1,1,1
2020-08-11 04:13:54,7.6767,127.8,68.349464,10.911914,1,1,1,1,1,1,1,1,1,1,1,1,1,1,1,1
2020-08-11 04:13:58,7.6758,126.3,68.349464,10.911914,1,1,1,1,1,1,1,1,1,1,1,1,1,1,1,1
2020-08-11 04:14:00,7.6579999999999995,125.2,68.349464,10.911914,1,1,1,1,1,1,1,1,1,1,1,1,1,1,1,1
2020-08-11 04:14:05,7.6492,123.4,68.349464,10.911914,1,1,1,1,1,1,1,1,1,1,1,1,1,1,1,1
2020-08-11 04:14:07,7.6194,122.0,68.349464,10.911914,1,1,1,1,1,1,1,1,1,1,1,1,1,1,1,1
2020-08-11 04:14:12,7.5926,120.8,68.349464,10.911914,1,1,1,1,1,1,1,1,1,1,1,1,1,1,1,1
2020-08-11 04:14:15,7.5936,119.3,68.349464,10.911914,1,1,1,1,1,1,1,1,1,1,1,1,1,1,1,1
2020-08-11 04:14:19,7.596,118.2,68.349464,10.911914,1,1,1,1,1,1,1,1,1,1,1,1,1,1,1,1
2020-08-11 04:14:21,7.5939,116.9,68.349464,10.911914,1,1,1,1,1,1,1,1,1,1,1,1,1,1,1,1
2020-08-11 04:14:25,7.6135,115.7,68.349464,10.911914,1,1,1,1,1,1,1,1,1,1,1,1,1,1,1,1
2020-08-11 04:14:29,7.6214,114.0,68.349464,10.911914,1,1,1,1,1,1,1,1,1,1,1,1,1,1,1,1
2020-08-11 04:14:32,7.6184,112.8,68.349464,10.911914,1,1,1,1,1,1,1,1,1,1,1,1,1,1,1,1
2020-08-11 04:14:35,7.6098,111.7,68.349464,10.911914,1,1,1,1,1,1,1,1,1,1,1,1,1,1,1,1
2020-08-11 04:14:37,7.6801,110.4,68.349464,10.911914,1,1,1,1,1,1,1,1,1,1,1,1,1,1,1,1
2020-08-11 04:14:41,7.7535,109.3,68.349464,10.911914,1,1,1,1,1,1,1,1,1,1,1,1,1,1,1,1
2020-08-11 04:14:43,7.7946,107.9,68.349464,10.911914,1,1,1,1,1,1,1,1,1,1,1,1,1,1,1,1
2020-08-11 04:14:48,7.8083,106.5,68.349464,10.911914,1,1,1,1,1,1,1,1,1,1,1,1,1,1,1,1
2020-08-11 04:14:51,7.8133,105.4,68.349464,10.911914,1,1,1,1,1,1,1,1,1,1,1,1,1,1,1,1
2020-08-11 04:14:53,7.8095,104.4,68.349464,10.911914,1,1,1,1,1,1,1,1,1,1,1,1,1,1,1,1
2020-08-11 04:14:57,7.8169,102.9,68.349464,10.911914,1,1,1,1,1,1,1,1,1,1,1,1,1,1,1,1
2020-08-11 04:15:02,7.8655,101.1,68.349464,10.911914,1,1,1,1,1,1,1,1,1,1,1,1,1,1,1,1
2020-08-11 04:15:06,7.8683,99.4,68.349464,10.911914,1,1,1,1,1,1,1,1,1,1,1,1,1,1,1,1
2020-08-11 04:15:10,7.8283,98.1,68.349464,10.911914,1,1,1,1,1,1,1,1,1,1,1,1,1,1,1,1
2020-08-11 04:15:14,7.8665,96.4,68.349464,10.911914,1,1,1,1,1,1,1,1,1,1,1,1,1,1,1,1
2020-08-11 04:15:19,7.9771,94.9,68.349464,10.911914,1,1,1,1,1,1,1,1,1,1,1,1,1,1,1,1
2020-08-11 04:15:21,8.065,93.8,68.349464,10.911914,1,1,1,1,1,1,1,1,1,1,1,1,1,1,1,1
2020-08-11 04:15:25,8.198,92.4,68.349464,10.911914,1,1,1,1,1,1,1,1,1,1,1,1,1,1,1,1
2020-08-11 04:15:29,8.2221,91.0,68.349464,10.911914,1,1,1,1,1,1,1,1,1,1,1,1,1,1,1,1
2020-08-11 04:15:33,8.2209,89.9,68.349464,10.911914,1,1,1,1,1,1,1,1,1,1,1,1,1,1,1,1
2020-08-11 04:15:35,8.2193,88.6,68.349464,10.911914,1,1,1,1,1,1,1,1,1,1,1,1,1,1,1,1
2020-08-11 04:15:40,8.2071,87.4,68.349464,10.911914,1,1,1,1,1,1,1,1,1,1,1,1,1,1,1,1
2020-08-11 04:15:43,8.2063,86.1,68.349464,10.911914,1,1,1,1,1,1,1,1,1,1,1,1,1,1,1,1
2020-08-11 04:15:46,8.2098,85.0,68.349464,10.911914,1,1,1,1,1,1,1,1,1,1,1,1,1,1,1,1
2020-08-11 04:15:50,8.1026,83.7,68.349464,10.911914,1,1,1,1,1,1,1,1,1,1,1,1,1,1,1,1
2020-08-11 04:15:54,8.0668,82.4,68.349464,10.911914,1,1,1,1,1,1,1,1,1,1,1,1,1,1,1,1
2020-08-11 04:15:58,8.0365,81.1,68.349464,10.911914,1,1,1,1,1,1,1,1,1,1,1,1,1,1,1,1
2020-08-11 04:16:01,8.0574,79.8,68.349464,10.911914,1,1,1,1,1,1,1,1,1,1,1,1,1,1,1,1
2020-08-11 04:16:04,8.0513,78.7,68.349464,10.911914,1,1,1,1,1,1,1,1,1,1,1,1,1,1,1,1
2020-08-11 04:16:08,8.0385,77.4,68.349464,10.911914,1,1,1,1,1,1,1,1,1,1,1,1,1,1,1,1
2020-08-11 04:16:12,8.0427,76.3,68.349464,10.911914,1,1,1,1,1,1,1,1,1,1,1,1,1,1,1,1
2020-08-11 04:16:15,8.0163,75.2,68.349464,10.911914,1,1,1,1,1,1,1,1,1,1,1,1,1,1,1,1
2020-08-11 04:16:18,8.017999999999999,74.1,68.349464,10.911914,1,1,1,1,1,1,1,1,1,1,1,1,1,1,1,1
2020-08-11 04:16:23,8.0602,72.6,68.349464,10.911914,1,1,1,1,1,1,1,1,1,1,1,1,1,1,1,1
2020-08-11 04:16:25,8.0257,71.4,68.349464,10.911914,1,1,1,1,1,1,1,1,1,1,1,1,1,1,1,1
2020-08-11 04:16:29,7.8533,69.9,68.349464,10.911914,1,1,1,1,1,1,1,1,1,1,1,1,1,1,1,1
2020-08-11 04:16:34,7.7804,68.5,68.349464,10.911914,1,1,1,1,1,1,1,1,1,1,1,1,1,1,1,1
2020-08-11 04:16:38,7.7776,67.3,68.349464,10.911914,1,1,1,1,1,1,1,1,1,1,1,1,1,1,1,1
2020-08-11 04:16:41,7.7755,66.1,68.349464,10.911914,1,1,1,1,1,1,1,1,1,1,1,1,1,1,1,1
2020-08-11 04:16:44,7.795,64.6,68.349464,10.911914,1,1,1,1,1,1,1,1,1,1,1,1,1,1,1,1
2020-08-11 04:16:49,7.7735,63.1,68.349464,10.911914,1,1,1,1,1,1,1,1,1,1,1,1,1,1,1,1
2020-08-11 04:16:53,7.7167,62.0,68.349464,10.911914,1,1,1,1,1,1,1,1,1,1,1,1,1,1,1,1
2020-08-11 04:16:57,7.7193,60.8,68.349464,10.911914,1,1,1,1,1,1,1,1,1,1,1,1,1,1,1,1
2020-08-11 04:16:59,7.7296,59.7,68.349464,10.911914,1,1,1,1,1,1,1,1,1,1,1,1,1,1,1,1
2020-08-11 04:17:03,7.725,58.3,68.349464,10.911914,1,1,1,1,1,1,1,1,1,1,1,1,1,1,1,1
2020-08-11 04:17:05,7.7342,57.1,68.349464,10.911914,1,1,1,1,1,1,1,1,1,1,1,1,1,1,1,1
2020-08-11 04:17:09,7.9039,56.0,68.349464,10.911914,1,1,1,1,1,1,1,1,1,1,1,1,1,1,1,1
2020-08-11 04:17:13,7.9599,54.7,68.349464,10.911914,1,1,1,1,1,1,1,1,1,1,1,1,1,1,1,1
2020-08-11 04:17:15,7.9832,53.2,68.349464,10.911914,1,1,1,1,1,1,1,1,1,1,1,1,1,1,1,1
2020-08-11 04:17:21,7.9833,51.6,68.349464,10.911914,1,1,1,1,1,1,1,1,1,1,1,1,1,1,1,1
2020-08-11 04:17:24,7.9923,50.3,68.349464,10.911914,1,1,1,1,1,1,1,1,1,1,1,1,1,1,1,1
2020-08-11 04:17:29,8.075,49.1,68.349464,10.911914,1,1,1,1,1,1,1,1,1,1,1,1,1,1,1,1
2020-08-11 04:17:33,8.2238,47.3,68.349464,10.911914,1,1,1,1,1,1,1,1,1,1,1,1,1,1,1,1
2020-08-11 04:17:37,8.2556,46.0,68.349464,10.911914,1,1,1,1,1,1,1,1,1,1,1,1,1,1,1,1
2020-08-11 04:17:39,8.3053,44.8,68.349464,10.911914,1,1,1,1,1,1,1,1,1,1,1,1,1,1,1,1
2020-08-11 04:17:45,8.4181,43.0,68.349464,10.911914,1,1,1,1,1,1,1,1,1,1,1,1,1,1,1,1
2020-08-11 04:17:49,8.4649,41.5,68.349464,10.911914,1,1,1,1,1,1,1,1,1,1,1,1,1,1,1,1
2020-08-11 04:17:52,8.4947,40.3,68.349464,10.911914,1,1,1,1,1,1,1,1,1,1,1,1,1,1,1,1
2020-08-11 04:17:56,8.7467,39.3,68.349464,10.911914,1,1,1,1,1,1,1,1,1,1,1,1,1,1,1,1
2020-08-11 04:17:59,8.7671,37.6,68.349464,10.911914,1,1,1,1,1,1,1,1,1,1,1,1,1,1,1,1
2020-08-11 04:18:03,8.8178,36.3,68.349464,10.911914,1,1,1,1,1,1,1,1,1,1,1,1,1,1,1,1
2020-08-11 04:18:06,8.9055,35.0,68.349464,10.911914,1,1,1,1,1,1,1,1,1,1,1,1,1,1,1,1
2020-08-11 04:18:10,8.9873,33.5,68.349464,10.911914,1,1,1,1,1,1,1,1,1,1,1,1,1,1,1,1
2020-08-11 04:18:13,9.0215,32.2,68.349464,10.911914,1,1,1,1,1,1,1,1,1,1,1,1,1,1,1,1
2020-08-11 04:18:17,9.1564,30.7,68.349464,10.911914,1,1,1,1,1,1,1,1,1,1,1,1,1,1,1,1
2020-08-11 04:18:22,9.5441,29.0,68.349464,10.911914,1,1,1,1,1,1,1,1,1,1,1,1,1,1,1,1
2020-08-11 04:18:25,9.7718,28.0,68.349464,10.911914,1,1,1,1,1,1,1,1,1,1,1,1,1,1,1,1
2020-08-11 04:18:29,9.8819,27.0,68.349464,10.911914,1,1,1,1,1,1,1,1,1,1,1,1,1,1,1,1
2020-08-11 04:18:30,10.0319,25.9,68.349464,10.911914,1,1,1,1,1,1,1,1,1,1,1,1,1,1,1,1
2020-08-11 04:18:32,10.2047,24.9,68.349464,10.911914,1,1,1,1,1,1,1,1,1,1,1,1,1,1,1,1
2020-08-11 04:18:36,10.4338,23.5,68.349464,10.911914,1,1,1,1,1,1,1,1,1,1,1,1,1,1,1,1
2020-08-11 04:18:41,10.7414,21.5,68.349464,10.911914,1,1,1,1,1,1,1,1,1,1,1,1,1,1,1,1
2020-08-11 04:18:45,11.1685,20.5,68.349464,10.911914,1,1,1,1,1,1,1,1,1,1,1,1,1,1,1,1
2020-08-11 04:18:49,11.3484,19.3,68.349464,10.911914,1,1,1,1,1,1,1,1,1,1,1,1,1,1,1,1
2020-08-11 04:18:51,11.5872,18.3,68.349464,10.911914,1,1,1,1,1,1,1,1,1,1,1,1,1,1,1,1
2020-08-11 04:18:55,12.0491,17.1,68.349464,10.911914,1,1,1,1,1,1,1,1,1,1,1,1,1,1,1,1
2020-08-11 04:19:00,12.5621,15.9,68.349464,10.911914,1,1,1,1,1,1,1,1,1,1,1,1,1,1,1,1
2020-08-11 04:19:04,12.9456,14.8,68.349464,10.911914,1,1,1,1,1,1,1,1,1,1,1,1,1,1,1,1
2020-08-11 04:19:06,13.0797,13.5,68.349464,10.911914,1,1,1,1,1,1,1,1,1,1,1,1,1,1,1,1
2020-08-11 04:19:12,13.2523,12.3,68.349464,10.911914,1,1,1,1,1,1,1,1,1,1,1,1,1,1,1,1
2020-08-11 04:19:15,13.3106,10.9,68.349464,10.911914,1,1,1,1,1,1,1,1,1,1,1,1,1,1,1,1
2020-08-11 04:19:19,13.3229,9.4,68.349464,10.911914,1,1,1,1,1,1,1,1,1,1,1,1,1,1,1,1
2020-08-11 04:19:25,13.3984,8.0,68.349464,10.911914,1,1,1,1,1,1,1,1,1,1,1,1,1,1,1,1
2020-08-11 04:19:29,13.4405,6.7,68.349464,10.911914,1,1,1,1,1,1,1,1,1,1,1,1,1,1,1,1
2020-08-11 04:19:34,13.4693,5.5,68.349464,10.911914,1,1,1,1,1,1,1,1,1,1,1,1,1,1,1,1
2020-08-11 04:19:38,13.4925,4.4,68.349464,10.911914,1,1,1,1,1,1,1,1,1,1,1,1,1,1,1,1
2020-08-11 04:19:41,13.5195,3.3,68.349464,10.911914,1,1,1,1,1,1,1,1,1,1,1,1,1,1,1,1
2020-08-11 04:19:45,13.5483,2.2,68.349464,10.911914,1,1,1,1,1,1,1,1,1,1,1,1,1,1,1,1
2020-08-11 04:19:47,13.5628,1.0,68.349464,10.911914,1,1,1,1,1,1,1,1,1,1,1,1,1,1,1,1
2020-08-11 04:19:53,13.5885,-0.6,68.349464,10.911914,1,1,1,1,1,1,1,1,1,1,1,1,1,3,1,1
2020-08-11 04:19:58,13.5836,-1.9,68.349464,10.911914,1,1,1,1,1,1,1,1,1,1,1,1,1,3,1,1
2020-08-11 04:20:02,13.5875,-3.1,68.349464,10.911914,1,1,3,3,1,1,1,1,1,1,1,1,1,3,1,1
